event1_id,event2_id,event1_source,event2_source,time_separation_hours,angular_separation_deg,correlation_score,correlation_type,confidence_level,notes
GRB240925_TEST,ZTF24_afterglow_test,HEASARC,ZTF,0.3,0.05830951894846265,0.5490109637724663,joint,medium,"Δt=0.30h, Δθ=0.05830951894846265°, score=0.549"
ZTF24_afterglow_test,SN2024E,ZTF,TNS,16.7,33.89770251168377,0.5995949766760416,joint,medium,"Δt=16.70h, Δθ=33.89770251168377°, score=0.600"
ZTF24_rand0,ZTF24_rand5,ZTF,ZTF,10.0,25.928703785232763,0.6000755343172376,joint,medium,"Δt=10.00h, Δθ=25.928703785232763°, score=0.600"
ZTF24_rand2,ZTF24_rand3,ZTF,ZTF,2.0,23.66134899003213,0.6007328063702236,joint,medium,"Δt=2.00h, Δθ=23.66134899003213°, score=0.601"
ZTF24_rand2,SN2024E,ZTF,TNS,12.0,28.253024244057897,0.6000037546167201,joint,medium,"Δt=12.00h, Δθ=28.253024244057897°, score=0.600"
ZTF24_rand3,ZTF24_rand4,ZTF,ZTF,2.0,25.954709236434525,0.6000740816381936,joint,medium,"Δt=2.00h, Δθ=25.954709236434525°, score=0.600"
ZTF24_rand3,SN2024E,ZTF,TNS,10.0,25.980211773216734,0.6000717178387021,joint,medium,"Δt=10.00h, Δθ=25.980211773216734°, score=0.600"
ZTF24_rand9,SN2024B,ZTF,TNS,11.0,24.86688173332052,0.6002184251323723,joint,medium,"Δt=11.00h, Δθ=24.86688173332052°, score=0.600"
